---

slug: /json-object

---

# JSON_OBJECT

## Description

This function returns a JSON object based on the key-value pairs provided by the user.

## Syntax

```sql
JSON_OBJECT([key, val[, key, val] ...])
```

## Remarks

`key, val` represents a key-value pair. If the number of parameters is odd, an error will occur.

## Examples

```sql
SELECT JSON_OBJECT('id', 69, 'name', 'apple');
+----------------------------------------+
| JSON_OBJECT('id', 69, 'name', 'apple') |
+----------------------------------------+
| {"id": 69, "name": "apple"}            |
+----------------------------------------+
1 row in set (0.001 sec)

SELECT JSON_OBJECT('id', 69, 'name', 'apple', 100);
ERROR 1582 (42000): Incorrect parameter count in the call to native function 'JSON_OBJECT'

SELECT JSON_OBJECT('id', 69, 'name', 'apple', 100, 'good');
+-----------------------------------------------------+
| JSON_OBJECT('id', 69, 'name', 'apple', 100, 'good') |
+-----------------------------------------------------+
| {"id": 69, "100": "good", "name": "apple"}          |
+-----------------------------------------------------+
1 row in set (0.001 sec)

SELECT JSON_OBJECT();
+---------------+
| JSON_OBJECT() |
+---------------+
| {}            |
+---------------+
1 row in set (0.001 sec)

SELECT JSON_OBJECT('id', 69, 'name', 'apple', '[100,200]','{names:tim}');
+-------------------------------------------------------------------+
| JSON_OBJECT('id', 69, 'name', 'apple', '[100,200]','{names:tim}') |
+-------------------------------------------------------------------+
| {"id": 69, "name": "apple", "[100,200]": "{names:tim}"}           |
+-------------------------------------------------------------------+
1 row in set (0.001 sec)
```